2024-12-14 14:57:41.752241,pizza
2024-12-14 14:57:42.318592,orange
2024-12-14 14:57:42.820673,banana
2024-12-14 14:57:43.327431,donut
2024-12-14 14:57:44.310851,sandwich
2024-12-14 14:57:44.829670,sandwich
2024-12-14 14:57:45.869018,donut
2024-12-14 14:59:36.688982,pizza
2024-12-14 14:59:37.213713,orange
2024-12-14 14:59:37.740406,banana
2024-12-14 14:59:38.215631,donut
2024-12-14 14:59:39.247137,sandwich
2024-12-14 14:59:39.772790,sandwich
2024-12-14 14:59:40.808433,donut
2024-12-14 15:04:26.796288,pizza
2024-12-14 15:04:27.332489,orange
2024-12-14 15:04:27.821833,banana
2024-12-14 15:04:28.354275,donut
2024-12-14 15:04:29.364655,sandwich
2024-12-14 15:04:29.851123,sandwich
2024-12-14 15:04:30.888016,donut
2024-12-14 15:09:36.542171,pizza
2024-12-14 15:09:37.053548,orange
2024-12-14 15:09:37.707018,banana
2024-12-14 15:09:38.249825,donut
2024-12-14 15:09:39.323110,sandwich
2024-12-14 15:09:39.855481,sandwich
2024-12-14 15:09:40.881628,donut
